"","rank","id","user_id","user_login","user_name","game_id","game_name","type","title","viewer_count","started_at","language","thumbnail_url","tag_ids","is_mature"
"1","1","39930252200","798306633","jet_officially","jet_officially","29452","Virtual Casino","live","GORD√É0 DA BLAZE    ESCORREGA O!","31","2022-10-10T04:27:15Z","en","https://static-cdn.jtvnw.net/previews-ttv/live_user_jet_officially-{width}x{height}.jpg","list(""6ea6bca4-4712-4ab9-a906-e3336a9d8039"", ""377a27f0-e3a6-4a02-99a2-8eca81163ca7"", ""eeea68da-c4b8-4268-b17a-eb0f30286843"", ""988c8c1b-b991-4b66-9a6d-b36f60363f6d"", ""a3cf86b7-90a4-409d-be29-e672c6c6e8fd"", ""8bc6daab-8c15-4eb9-b533-a6417a213a93"")","FALSE"
"2","2","39930855288","798304395","sol_offiziell","sol_offiziell","29452","Virtual Casino","live","CASINOOOOO GOD - 1000$ and a dream","1","2022-10-10T10:59:38Z","en","https://static-cdn.jtvnw.net/previews-ttv/live_user_sol_offiziell-{width}x{height}.jpg","list(""8bc6daab-8c15-4eb9-b533-a6417a213a93"", ""a3cf86b7-90a4-409d-be29-e672c6c6e8fd"", ""988c8c1b-b991-4b66-9a6d-b36f60363f6d"", ""377a27f0-e3a6-4a02-99a2-8eca81163ca7"", ""eeea68da-c4b8-4268-b17a-eb0f30286843"", ""6ea6bca4-4712-4ab9-a906-e3336a9d8039"")","FALSE"
"3","3","39931528792","434079644","ewfw5kkm","ewfw5kkm","29452","Virtual Casino","live","BIG Bonus every dayüéÅ","1","2022-10-10T14:28:37Z","en","https://static-cdn.jtvnw.net/previews-ttv/live_user_ewfw5kkm-{width}x{height}.jpg","list(""6ea6bca4-4712-4ab9-a906-e3336a9d8039"")","FALSE"
"4","4","39931771928","825933040","roiboydelhi","roiboydelhi","29452","Virtual Casino","live","roiboy mega stream !","1","2022-10-10T15:25:28Z","en","https://static-cdn.jtvnw.net/previews-ttv/live_user_roiboydelhi-{width}x{height}.jpg","list(""6ea6bca4-4712-4ab9-a906-e3336a9d8039"")","FALSE"
"5","1","39933518616","798304395","sol_offiziell","sol_offiziell","29452","Virtual Casino","live","CASINOOOOO GOD - 1000$ and a dream","7","2022-10-10T22:13:56Z","en","https://static-cdn.jtvnw.net/previews-ttv/live_user_sol_offiziell-{width}x{height}.jpg","list(""8bc6daab-8c15-4eb9-b533-a6417a213a93"", ""a3cf86b7-90a4-409d-be29-e672c6c6e8fd"", ""988c8c1b-b991-4b66-9a6d-b36f60363f6d"", ""377a27f0-e3a6-4a02-99a2-8eca81163ca7"", ""eeea68da-c4b8-4268-b17a-eb0f30286843"", ""6ea6bca4-4712-4ab9-a906-e3336a9d8039"")","FALSE"
"6","2","39931528792","434079644","ewfw5kkm","ewfw5kkm","29452","Virtual Casino","live","BIG Bonus every dayüéÅ","1","2022-10-10T14:28:37Z","en","https://static-cdn.jtvnw.net/previews-ttv/live_user_ewfw5kkm-{width}x{height}.jpg","list(""6ea6bca4-4712-4ab9-a906-e3336a9d8039"")","FALSE"
"7","3","39930252200","798306633","jet_officially","jet_officially","29452","Virtual Casino","live","GORD√É0 DA BLAZE    ESCORREGA O!","1","2022-10-10T04:27:15Z","en","https://static-cdn.jtvnw.net/previews-ttv/live_user_jet_officially-{width}x{height}.jpg","list(""6ea6bca4-4712-4ab9-a906-e3336a9d8039"", ""377a27f0-e3a6-4a02-99a2-8eca81163ca7"", ""eeea68da-c4b8-4268-b17a-eb0f30286843"", ""988c8c1b-b991-4b66-9a6d-b36f60363f6d"", ""a3cf86b7-90a4-409d-be29-e672c6c6e8fd"", ""8bc6daab-8c15-4eb9-b533-a6417a213a93"")","FALSE"
"8","1","39937299960","798304395","sol_offiziell","sol_offiziell","29452","Virtual Casino","live","CASINOOOOO GOD - 1000$ and a dream","31","2022-10-11T23:59:24Z","en","https://static-cdn.jtvnw.net/previews-ttv/live_user_sol_offiziell-{width}x{height}.jpg","list(""6ea6bca4-4712-4ab9-a906-e3336a9d8039"", ""377a27f0-e3a6-4a02-99a2-8eca81163ca7"", ""eeea68da-c4b8-4268-b17a-eb0f30286843"", ""988c8c1b-b991-4b66-9a6d-b36f60363f6d"", ""a3cf86b7-90a4-409d-be29-e672c6c6e8fd"", ""8bc6daab-8c15-4eb9-b533-a6417a213a93"")","FALSE"
"9","2","39931528792","434079644","ewfw5kkm","ewfw5kkm","29452","Virtual Casino","live","BIG Bonus every dayüéÅ","1","2022-10-10T14:28:37Z","en","https://static-cdn.jtvnw.net/previews-ttv/live_user_ewfw5kkm-{width}x{height}.jpg","list(""6ea6bca4-4712-4ab9-a906-e3336a9d8039"")","FALSE"
"10","3","39937137608","798306633","jet_officially","jet_officially","29452","Virtual Casino","live","GORD√É0 DA BLAZE    ESCORREGA O!","1","2022-10-11T22:04:30Z","en","https://static-cdn.jtvnw.net/previews-ttv/live_user_jet_officially-{width}x{height}.jpg","list(""6ea6bca4-4712-4ab9-a906-e3336a9d8039"", ""377a27f0-e3a6-4a02-99a2-8eca81163ca7"", ""eeea68da-c4b8-4268-b17a-eb0f30286843"", ""988c8c1b-b991-4b66-9a6d-b36f60363f6d"", ""a3cf86b7-90a4-409d-be29-e672c6c6e8fd"", ""8bc6daab-8c15-4eb9-b533-a6417a213a93"")","FALSE"
"11","1","39937299960","798304395","sol_offiziell","sol_offiziell","29452","Virtual Casino","live","CASINOOOOO GOD - 1000$ and a dream","50","2022-10-11T23:59:24Z","en","https://static-cdn.jtvnw.net/previews-ttv/live_user_sol_offiziell-{width}x{height}.jpg","list(""6ea6bca4-4712-4ab9-a906-e3336a9d8039"", ""377a27f0-e3a6-4a02-99a2-8eca81163ca7"", ""eeea68da-c4b8-4268-b17a-eb0f30286843"", ""988c8c1b-b991-4b66-9a6d-b36f60363f6d"", ""a3cf86b7-90a4-409d-be29-e672c6c6e8fd"", ""8bc6daab-8c15-4eb9-b533-a6417a213a93"")","FALSE"
"12","2","46169320764","75963102","wolfsaviour25","WolfSaviour25","29452","Virtual Casino","live","Vibe Provider! Slots Promo! UK based Site! Gamble responsible","3","2022-10-12T14:44:41Z","en","https://static-cdn.jtvnw.net/previews-ttv/live_user_wolfsaviour25-{width}x{height}.jpg","list(""6ea6bca4-4712-4ab9-a906-e3336a9d8039"")","TRUE"
"13","3","39938842376","434079644","ewfw5kkm","ewfw5kkm","29452","Virtual Casino","live","BIG Bonus every dayüéÅ","1","2022-10-12T14:29:08Z","en","https://static-cdn.jtvnw.net/previews-ttv/live_user_ewfw5kkm-{width}x{height}.jpg","list(""6ea6bca4-4712-4ab9-a906-e3336a9d8039"")","FALSE"
"14","4","39937137608","798306633","jet_officially","jet_officially","29452","Virtual Casino","live","GORD√É0 DA BLAZE    ESCORREGA O!","1","2022-10-11T22:04:30Z","en","https://static-cdn.jtvnw.net/previews-ttv/live_user_jet_officially-{width}x{height}.jpg","list(""6ea6bca4-4712-4ab9-a906-e3336a9d8039"", ""377a27f0-e3a6-4a02-99a2-8eca81163ca7"", ""eeea68da-c4b8-4268-b17a-eb0f30286843"", ""988c8c1b-b991-4b66-9a6d-b36f60363f6d"", ""a3cf86b7-90a4-409d-be29-e672c6c6e8fd"", ""8bc6daab-8c15-4eb9-b533-a6417a213a93"")","FALSE"
"15","1","39937299960","798304395","sol_offiziell","sol_offiziell","29452","Virtual Casino","live","CASINOOOOO GOD - 1000$ and a dream","43","2022-10-11T23:59:24Z","en","https://static-cdn.jtvnw.net/previews-ttv/live_user_sol_offiziell-{width}x{height}.jpg","list(""6ea6bca4-4712-4ab9-a906-e3336a9d8039"", ""377a27f0-e3a6-4a02-99a2-8eca81163ca7"", ""eeea68da-c4b8-4268-b17a-eb0f30286843"", ""988c8c1b-b991-4b66-9a6d-b36f60363f6d"", ""a3cf86b7-90a4-409d-be29-e672c6c6e8fd"", ""8bc6daab-8c15-4eb9-b533-a6417a213a93"")","FALSE"
"16","2","39938842376","434079644","ewfw5kkm","ewfw5kkm","29452","Virtual Casino","live","BIG Bonus every dayüéÅ","1","2022-10-12T14:29:08Z","en","https://static-cdn.jtvnw.net/previews-ttv/live_user_ewfw5kkm-{width}x{height}.jpg","list(""6ea6bca4-4712-4ab9-a906-e3336a9d8039"")","FALSE"
"17","3","39937137608","798306633","jet_officially","jet_officially","29452","Virtual Casino","live","GORD√É0 DA BLAZE    ESCORREGA O!","1","2022-10-11T22:04:30Z","en","https://static-cdn.jtvnw.net/previews-ttv/live_user_jet_officially-{width}x{height}.jpg","list(""6ea6bca4-4712-4ab9-a906-e3336a9d8039"", ""377a27f0-e3a6-4a02-99a2-8eca81163ca7"", ""eeea68da-c4b8-4268-b17a-eb0f30286843"", ""988c8c1b-b991-4b66-9a6d-b36f60363f6d"", ""a3cf86b7-90a4-409d-be29-e672c6c6e8fd"", ""8bc6daab-8c15-4eb9-b533-a6417a213a93"")","FALSE"
"18","1","39942063144","793295958","rector_tv","rector_tv","29452","Virtual Casino","live","–õ–£–ß–®–ò–ô –î–ï–ù–¨ –î–õ–Ø –í–´–ò–ì–†–´–®–ê!!!","51","2022-10-13T12:35:28Z","en","https://static-cdn.jtvnw.net/previews-ttv/live_user_rector_tv-{width}x{height}.jpg","list(""6ea6bca4-4712-4ab9-a906-e3336a9d8039"")","FALSE"
"19","2","39937299960","798304395","sol_offiziell","sol_offiziell","29452","Virtual Casino","live","CASINOOOOO GOD - 1000$ and a dream","50","2022-10-11T23:59:24Z","en","https://static-cdn.jtvnw.net/previews-ttv/live_user_sol_offiziell-{width}x{height}.jpg","list(""6ea6bca4-4712-4ab9-a906-e3336a9d8039"", ""377a27f0-e3a6-4a02-99a2-8eca81163ca7"", ""eeea68da-c4b8-4268-b17a-eb0f30286843"", ""988c8c1b-b991-4b66-9a6d-b36f60363f6d"", ""a3cf86b7-90a4-409d-be29-e672c6c6e8fd"", ""8bc6daab-8c15-4eb9-b533-a6417a213a93"")","FALSE"
"20","3","39937137608","798306633","jet_officially","jet_officially","29452","Virtual Casino","live","GORD√É0 DA BLAZE    ESCORREGA O!","36","2022-10-11T22:04:30Z","en","https://static-cdn.jtvnw.net/previews-ttv/live_user_jet_officially-{width}x{height}.jpg","list(""6ea6bca4-4712-4ab9-a906-e3336a9d8039"", ""377a27f0-e3a6-4a02-99a2-8eca81163ca7"", ""eeea68da-c4b8-4268-b17a-eb0f30286843"", ""988c8c1b-b991-4b66-9a6d-b36f60363f6d"", ""a3cf86b7-90a4-409d-be29-e672c6c6e8fd"", ""8bc6daab-8c15-4eb9-b533-a6417a213a93"")","FALSE"
"21","4","39943221336","490270497","peishen192","Peishen192","29452","Virtual Casino","live","–∫–∞–∑–∏–∫ –¥–µ–ø 100000","1","2022-10-13T16:58:12Z","en","https://static-cdn.jtvnw.net/previews-ttv/live_user_peishen192-{width}x{height}.jpg","list(""6ea6bca4-4712-4ab9-a906-e3336a9d8039"")","TRUE"
"22","5","40343193337","756102818","thecanadianbrandon","thecanadianbrandon","29452","Virtual Casino","live","Comp wit the homies","1","2022-10-13T18:17:04Z","en","https://static-cdn.jtvnw.net/previews-ttv/live_user_thecanadianbrandon-{width}x{height}.jpg","list(""6ea6bca4-4712-4ab9-a906-e3336a9d8039"")","FALSE"
"23","6","39938842376","434079644","ewfw5kkm","ewfw5kkm","29452","Virtual Casino","live","BIG Bonus every dayüéÅ","1","2022-10-12T14:29:08Z","en","https://static-cdn.jtvnw.net/previews-ttv/live_user_ewfw5kkm-{width}x{height}.jpg","list(""6ea6bca4-4712-4ab9-a906-e3336a9d8039"")","FALSE"
"24","1","39950177544","793295958","rector_tv","rector_tv","29452","Virtual Casino","live","–õ–£–ß–®–ò–ô –î–ï–ù–¨ –î–õ–Ø –í–´–ò–ì–†–´–®–ê!!!","48","2022-10-15T12:35:26Z","en","https://static-cdn.jtvnw.net/previews-ttv/live_user_rector_tv-{width}x{height}.jpg","list(""6ea6bca4-4712-4ab9-a906-e3336a9d8039"")","FALSE"
"25","2","39945617256","798306633","jet_officially","jet_officially","29452","Virtual Casino","live","GORD√É0 DA BLAZE    ESCORREGA O!","38","2022-10-14T11:38:07Z","en","https://static-cdn.jtvnw.net/previews-ttv/live_user_jet_officially-{width}x{height}.jpg","list(""8bc6daab-8c15-4eb9-b533-a6417a213a93"", ""a3cf86b7-90a4-409d-be29-e672c6c6e8fd"", ""988c8c1b-b991-4b66-9a6d-b36f60363f6d"", ""eeea68da-c4b8-4268-b17a-eb0f30286843"", ""377a27f0-e3a6-4a02-99a2-8eca81163ca7"", ""6ea6bca4-4712-4ab9-a906-e3336a9d8039"")","FALSE"
"26","3","39949773784","798304395","sol_offiziell","sol_offiziell","29452","Virtual Casino","live","CASINOOOOO GOD - 1000$ and a dream","37","2022-10-15T10:58:42Z","en","https://static-cdn.jtvnw.net/previews-ttv/live_user_sol_offiziell-{width}x{height}.jpg","list(""6ea6bca4-4712-4ab9-a906-e3336a9d8039"", ""377a27f0-e3a6-4a02-99a2-8eca81163ca7"", ""eeea68da-c4b8-4268-b17a-eb0f30286843"", ""988c8c1b-b991-4b66-9a6d-b36f60363f6d"", ""a3cf86b7-90a4-409d-be29-e672c6c6e8fd"", ""8bc6daab-8c15-4eb9-b533-a6417a213a93"")","FALSE"
"27","4","39946281768","434079644","ewfw5kkm","ewfw5kkm","29452","Virtual Casino","live","BIG Bonus every dayüéÅ","1","2022-10-14T14:29:40Z","en","https://static-cdn.jtvnw.net/previews-ttv/live_user_ewfw5kkm-{width}x{height}.jpg","list(""6ea6bca4-4712-4ab9-a906-e3336a9d8039"")","FALSE"
"28","1","39968414984","838765998","dunludan","dunludan","29452","Virtual Casino","live","–ó–∞–Ω–æ—Å–∏–º –≤–º–µ—Å—Ç–µ","210","2022-10-19T21:31:12Z","en","https://static-cdn.jtvnw.net/previews-ttv/live_user_dunludan-{width}x{height}.jpg","list(""6ea6bca4-4712-4ab9-a906-e3336a9d8039"")","FALSE"
"29","2","39966217992","798304395","sol_offiziell","sol_offiziell","29452","Virtual Casino","live","CASINOOOOO GOD - 1000$ and a dream","1","2022-10-19T13:13:50Z","en","https://static-cdn.jtvnw.net/previews-ttv/live_user_sol_offiziell-{width}x{height}.jpg","list(""8bc6daab-8c15-4eb9-b533-a6417a213a93"", ""a3cf86b7-90a4-409d-be29-e672c6c6e8fd"", ""988c8c1b-b991-4b66-9a6d-b36f60363f6d"", ""377a27f0-e3a6-4a02-99a2-8eca81163ca7"", ""eeea68da-c4b8-4268-b17a-eb0f30286843"", ""6ea6bca4-4712-4ab9-a906-e3336a9d8039"")","FALSE"
"30","3","39966342456","434079644","ewfw5kkm","ewfw5kkm","29452","Virtual Casino","live","BIG Bonus every dayüéÅ","1","2022-10-19T13:47:33Z","en","https://static-cdn.jtvnw.net/previews-ttv/live_user_ewfw5kkm-{width}x{height}.jpg","list(""6ea6bca4-4712-4ab9-a906-e3336a9d8039"")","FALSE"
"31","4","39968806408","537875113","bmalexandr","bmalexandr","29452","Virtual Casino","live","–û–Ω–ª–∞–π–Ω –∫–∞–∑–∏–Ω–æ. –ò–≥—Ä–∞ —Å–ª–æ—Ç–æ–≤, –∫–∞–∫ —Ä–∞–∑–≤–ª–µ—á–µ–Ω–∏–µ.","1","2022-10-20T03:24:24Z","en","https://static-cdn.jtvnw.net/previews-ttv/live_user_bmalexandr-{width}x{height}.jpg","list(""6ea6bca4-4712-4ab9-a906-e3336a9d8039"")","FALSE"
"32","1","39916263608","833617083","streambybuster","streambybuster","29452","Virtual Casino","live","CASINO DADDY BONUSHUNT 24/7/365","206","2022-10-06T17:45:11Z","en","https://static-cdn.jtvnw.net/previews-ttv/live_user_streambybuster-{width}x{height}.jpg","list(""6ea6bca4-4712-4ab9-a906-e3336a9d8039"")","FALSE"
"33","2","39917403544","798304395","sol_offiziell","sol_offiziell","29452","Virtual Casino","live","CASINOOOOO GOD - 1000$ and a dream","47","2022-10-06T23:27:47Z","en","https://static-cdn.jtvnw.net/previews-ttv/live_user_sol_offiziell-{width}x{height}.jpg","list(""6ea6bca4-4712-4ab9-a906-e3336a9d8039"", ""377a27f0-e3a6-4a02-99a2-8eca81163ca7"", ""eeea68da-c4b8-4268-b17a-eb0f30286843"", ""988c8c1b-b991-4b66-9a6d-b36f60363f6d"", ""a3cf86b7-90a4-409d-be29-e672c6c6e8fd"", ""8bc6daab-8c15-4eb9-b533-a6417a213a93"")","FALSE"
"34","3","39911002568","798306633","jet_officially","jet_officially","29452","Virtual Casino","live","GORD√É0 DA BLAZE    ESCORREGA O!","39","2022-10-05T12:00:48Z","en","https://static-cdn.jtvnw.net/previews-ttv/live_user_jet_officially-{width}x{height}.jpg","list(""8bc6daab-8c15-4eb9-b533-a6417a213a93"", ""a3cf86b7-90a4-409d-be29-e672c6c6e8fd"", ""988c8c1b-b991-4b66-9a6d-b36f60363f6d"", ""eeea68da-c4b8-4268-b17a-eb0f30286843"", ""377a27f0-e3a6-4a02-99a2-8eca81163ca7"", ""6ea6bca4-4712-4ab9-a906-e3336a9d8039"")","FALSE"
"35","4","39915297640","434079644","ewfw5kkm","ewfw5kkm","29452","Virtual Casino","live","BIG Bonus every dayüéÅ","1","2022-10-06T14:27:33Z","en","https://static-cdn.jtvnw.net/previews-ttv/live_user_ewfw5kkm-{width}x{height}.jpg","list(""6ea6bca4-4712-4ab9-a906-e3336a9d8039"")","FALSE"
"36","1","39919391256","833617083","streambybuster","streambybuster","29452","Virtual Casino","live","CASINO DADDY BONUSHUNT 24/7/365","213","2022-10-07T15:45:21Z","en","https://static-cdn.jtvnw.net/previews-ttv/live_user_streambybuster-{width}x{height}.jpg","list(""6ea6bca4-4712-4ab9-a906-e3336a9d8039"")","FALSE"
"37","2","39918778424","798306633","jet_officially","jet_officially","29452","Virtual Casino","live","GORD√É0 DA BLAZE    ESCORREGA O!","43","2022-10-07T13:26:12Z","en","https://static-cdn.jtvnw.net/previews-ttv/live_user_jet_officially-{width}x{height}.jpg","list(""8bc6daab-8c15-4eb9-b533-a6417a213a93"", ""a3cf86b7-90a4-409d-be29-e672c6c6e8fd"", ""988c8c1b-b991-4b66-9a6d-b36f60363f6d"", ""eeea68da-c4b8-4268-b17a-eb0f30286843"", ""377a27f0-e3a6-4a02-99a2-8eca81163ca7"", ""6ea6bca4-4712-4ab9-a906-e3336a9d8039"")","FALSE"
"38","3","39917403544","798304395","sol_offiziell","sol_offiziell","29452","Virtual Casino","live","CASINOOOOO GOD - 1000$ and a dream","36","2022-10-06T23:27:47Z","en","https://static-cdn.jtvnw.net/previews-ttv/live_user_sol_offiziell-{width}x{height}.jpg","list(""6ea6bca4-4712-4ab9-a906-e3336a9d8039"", ""377a27f0-e3a6-4a02-99a2-8eca81163ca7"", ""eeea68da-c4b8-4268-b17a-eb0f30286843"", ""988c8c1b-b991-4b66-9a6d-b36f60363f6d"", ""a3cf86b7-90a4-409d-be29-e672c6c6e8fd"", ""8bc6daab-8c15-4eb9-b533-a6417a213a93"")","FALSE"
"39","4","39915297640","434079644","ewfw5kkm","ewfw5kkm","29452","Virtual Casino","live","BIG Bonus every dayüéÅ","1","2022-10-06T14:27:33Z","en","https://static-cdn.jtvnw.net/previews-ttv/live_user_ewfw5kkm-{width}x{height}.jpg","list(""6ea6bca4-4712-4ab9-a906-e3336a9d8039"")","FALSE"
"40","1","39919391256","833617083","streambybuster","streambybuster","29452","Virtual Casino","live","CASINO DADDY BONUSHUNT 24/7/365","222","2022-10-07T15:45:21Z","en","https://static-cdn.jtvnw.net/previews-ttv/live_user_streambybuster-{width}x{height}.jpg","list(""6ea6bca4-4712-4ab9-a906-e3336a9d8039"")","FALSE"
"41","2","39918778424","798306633","jet_officially","jet_officially","29452","Virtual Casino","live","GORD√É0 DA BLAZE    ESCORREGA O!","45","2022-10-07T13:26:12Z","en","https://static-cdn.jtvnw.net/previews-ttv/live_user_jet_officially-{width}x{height}.jpg","list(""8bc6daab-8c15-4eb9-b533-a6417a213a93"", ""a3cf86b7-90a4-409d-be29-e672c6c6e8fd"", ""988c8c1b-b991-4b66-9a6d-b36f60363f6d"", ""eeea68da-c4b8-4268-b17a-eb0f30286843"", ""377a27f0-e3a6-4a02-99a2-8eca81163ca7"", ""6ea6bca4-4712-4ab9-a906-e3336a9d8039"")","FALSE"
"42","3","41363178139","161106239","25logan25","25Logan25","29452","Virtual Casino","live","Yurr | Gambling","9","2022-10-07T22:12:48Z","en","https://static-cdn.jtvnw.net/previews-ttv/live_user_25logan25-{width}x{height}.jpg","list(""6ea6bca4-4712-4ab9-a906-e3336a9d8039"", ""315618b7-c996-443d-a993-e8d5cdb5d1bd"")","TRUE"
"43","4","39917403544","798304395","sol_offiziell","sol_offiziell","29452","Virtual Casino","live","CASINOOOOO GOD - 1000$ and a dream","1","2022-10-06T23:27:47Z","en","https://static-cdn.jtvnw.net/previews-ttv/live_user_sol_offiziell-{width}x{height}.jpg","list(""6ea6bca4-4712-4ab9-a906-e3336a9d8039"", ""377a27f0-e3a6-4a02-99a2-8eca81163ca7"", ""eeea68da-c4b8-4268-b17a-eb0f30286843"", ""988c8c1b-b991-4b66-9a6d-b36f60363f6d"", ""a3cf86b7-90a4-409d-be29-e672c6c6e8fd"", ""8bc6daab-8c15-4eb9-b533-a6417a213a93"")","FALSE"
"44","5","39915297640","434079644","ewfw5kkm","ewfw5kkm","29452","Virtual Casino","live","BIG Bonus every dayüéÅ","1","2022-10-06T14:27:33Z","en","https://static-cdn.jtvnw.net/previews-ttv/live_user_ewfw5kkm-{width}x{height}.jpg","list(""6ea6bca4-4712-4ab9-a906-e3336a9d8039"")","FALSE"
"45","1","39921628904","833617083","streambybuster","streambybuster","29452","Virtual Casino","live","CASINO DADDY BONUSHUNT 24/7/365","184","2022-10-08T05:36:34Z","en","https://static-cdn.jtvnw.net/previews-ttv/live_user_streambybuster-{width}x{height}.jpg","list(""6ea6bca4-4712-4ab9-a906-e3336a9d8039"")","FALSE"
"46","2","39918778424","798306633","jet_officially","jet_officially","29452","Virtual Casino","live","GORD√É0 DA BLAZE    ESCORREGA O!","42","2022-10-07T13:26:12Z","en","https://static-cdn.jtvnw.net/previews-ttv/live_user_jet_officially-{width}x{height}.jpg","list(""8bc6daab-8c15-4eb9-b533-a6417a213a93"", ""a3cf86b7-90a4-409d-be29-e672c6c6e8fd"", ""988c8c1b-b991-4b66-9a6d-b36f60363f6d"", ""eeea68da-c4b8-4268-b17a-eb0f30286843"", ""377a27f0-e3a6-4a02-99a2-8eca81163ca7"", ""6ea6bca4-4712-4ab9-a906-e3336a9d8039"")","FALSE"
"47","3","39917403544","798304395","sol_offiziell","sol_offiziell","29452","Virtual Casino","live","CASINOOOOO GOD - 1000$ and a dream","1","2022-10-06T23:27:47Z","en","https://static-cdn.jtvnw.net/previews-ttv/live_user_sol_offiziell-{width}x{height}.jpg","list(""6ea6bca4-4712-4ab9-a906-e3336a9d8039"", ""377a27f0-e3a6-4a02-99a2-8eca81163ca7"", ""eeea68da-c4b8-4268-b17a-eb0f30286843"", ""988c8c1b-b991-4b66-9a6d-b36f60363f6d"", ""a3cf86b7-90a4-409d-be29-e672c6c6e8fd"", ""8bc6daab-8c15-4eb9-b533-a6417a213a93"")","FALSE"
"48","4","39915297640","434079644","ewfw5kkm","ewfw5kkm","29452","Virtual Casino","live","BIG Bonus every dayüéÅ","1","2022-10-06T14:27:33Z","en","https://static-cdn.jtvnw.net/previews-ttv/live_user_ewfw5kkm-{width}x{height}.jpg","list(""6ea6bca4-4712-4ab9-a906-e3336a9d8039"")","FALSE"
"49","1","39925661160","798304395","sol_offiziell","sol_offiziell","29452","Virtual Casino","live","CASINOOOOO GOD - 1000$ and a dream","67","2022-10-08T23:27:58Z","en","https://static-cdn.jtvnw.net/previews-ttv/live_user_sol_offiziell-{width}x{height}.jpg","list(""8bc6daab-8c15-4eb9-b533-a6417a213a93"", ""a3cf86b7-90a4-409d-be29-e672c6c6e8fd"", ""988c8c1b-b991-4b66-9a6d-b36f60363f6d"", ""eeea68da-c4b8-4268-b17a-eb0f30286843"", ""377a27f0-e3a6-4a02-99a2-8eca81163ca7"", ""6ea6bca4-4712-4ab9-a906-e3336a9d8039"")","FALSE"
"50","2","39918778424","798306633","jet_officially","jet_officially","29452","Virtual Casino","live","GORD√É0 DA BLAZE    ESCORREGA O!","49","2022-10-07T13:26:12Z","en","https://static-cdn.jtvnw.net/previews-ttv/live_user_jet_officially-{width}x{height}.jpg","list(""8bc6daab-8c15-4eb9-b533-a6417a213a93"", ""a3cf86b7-90a4-409d-be29-e672c6c6e8fd"", ""988c8c1b-b991-4b66-9a6d-b36f60363f6d"", ""eeea68da-c4b8-4268-b17a-eb0f30286843"", ""377a27f0-e3a6-4a02-99a2-8eca81163ca7"", ""6ea6bca4-4712-4ab9-a906-e3336a9d8039"")","FALSE"
"51","3","39923330024","434079644","ewfw5kkm","ewfw5kkm","29452","Virtual Casino","live","BIG Bonus every dayüéÅ","1","2022-10-08T14:28:05Z","en","https://static-cdn.jtvnw.net/previews-ttv/live_user_ewfw5kkm-{width}x{height}.jpg","list(""6ea6bca4-4712-4ab9-a906-e3336a9d8039"")","FALSE"
"52","1","39925661160","798304395","sol_offiziell","sol_offiziell","29452","Virtual Casino","live","CASINOOOOO GOD - 1000$ and a dream","53","2022-10-08T23:27:58Z","en","https://static-cdn.jtvnw.net/previews-ttv/live_user_sol_offiziell-{width}x{height}.jpg","list(""6ea6bca4-4712-4ab9-a906-e3336a9d8039"", ""377a27f0-e3a6-4a02-99a2-8eca81163ca7"", ""eeea68da-c4b8-4268-b17a-eb0f30286843"", ""988c8c1b-b991-4b66-9a6d-b36f60363f6d"", ""a3cf86b7-90a4-409d-be29-e672c6c6e8fd"", ""8bc6daab-8c15-4eb9-b533-a6417a213a93"")","FALSE"
"53","2","39929555752","127376751","gk68","gk68","29452","Virtual Casino","live","Daddyskins  $10 LTC Giveaway! Stream giveaway !twitter","15","2022-10-09T20:01:32Z","en","https://static-cdn.jtvnw.net/previews-ttv/live_user_gk68-{width}x{height}.jpg","list(""6ea6bca4-4712-4ab9-a906-e3336a9d8039"")","FALSE"
"54","3","39923330024","434079644","ewfw5kkm","ewfw5kkm","29452","Virtual Casino","live","BIG Bonus every dayüéÅ","1","2022-10-08T14:28:05Z","en","https://static-cdn.jtvnw.net/previews-ttv/live_user_ewfw5kkm-{width}x{height}.jpg","list(""6ea6bca4-4712-4ab9-a906-e3336a9d8039"")","FALSE"
